time,ghi
2026-09-27 00:00:00,0.0
2026-09-27 01:00:00,0.0
2026-09-27 02:00:00,0.0
2026-09-27 03:00:00,0.0
2026-09-27 04:00:00,0.0
2026-09-27 05:00:00,0.0
2026-09-27 06:00:00,0.0
2026-09-27 07:00:00,53.0
2026-09-27 08:00:00,228.0
2026-09-27 09:00:00,442.0
2026-09-27 10:00:00,616.0
2026-09-27 11:00:00,729.0
2026-09-27 12:00:00,621.0
2026-09-27 13:00:00,531.0
2026-09-27 14:00:00,510.0
2026-09-27 15:00:00,535.0
2026-09-27 16:00:00,392.0
2026-09-27 17:00:00,256.0
2026-09-27 18:00:00,96.0
2026-09-27 19:00:00,4.0
2026-09-27 20:00:00,0.0
2026-09-27 21:00:00,0.0
2026-09-27 22:00:00,0.0
2026-09-27 23:00:00,0.0
2026-09-28 00:00:00,0.0
2026-09-28 01:00:00,0.0
2026-09-28 02:00:00,0.0
2026-09-28 03:00:00,0.0
2026-09-28 04:00:00,0.0
2026-09-28 05:00:00,0.0
2026-09-28 06:00:00,0.0
2026-09-28 07:00:00,47.0
2026-09-28 08:00:00,186.0
2026-09-28 09:00:00,361.0
2026-09-28 10:00:00,600.0
2026-09-28 11:00:00,757.0
2026-09-28 12:00:00,838.0
2026-09-28 13:00:00,853.0
2026-09-28 14:00:00,784.0
2026-09-28 15:00:00,668.0
2026-09-28 16:00:00,530.0
2026-09-28 17:00:00,330.0
2026-09-28 18:00:00,107.0
2026-09-28 19:00:00,4.0
2026-09-28 20:00:00,0.0
2026-09-28 21:00:00,0.0
2026-09-28 22:00:00,0.0
2026-09-28 23:00:00,0.0
2026-09-29 00:00:00,0.0
2026-09-29 01:00:00,0.0
2026-09-29 02:00:00,0.0
2026-09-29 03:00:00,0.0
2026-09-29 04:00:00,0.0
2026-09-29 05:00:00,0.0
2026-09-29 06:00:00,0.0
2026-09-29 07:00:00,60.0
2026-09-29 08:00:00,246.0
2026-09-29 09:00:00,444.0
2026-09-29 10:00:00,619.0
2026-09-29 11:00:00,737.0
2026-09-29 12:00:00,807.0
2026-09-29 13:00:00,814.0
2026-09-29 14:00:00,770.0
2026-09-29 15:00:00,675.0
2026-09-29 16:00:00,498.0
2026-09-29 17:00:00,179.0
2026-09-29 18:00:00,82.0
2026-09-29 19:00:00,3.0
2026-09-29 20:00:00,0.0
2026-09-29 21:00:00,0.0
2026-09-29 22:00:00,0.0
2026-09-29 23:00:00,0.0
2026-09-30 00:00:00,0.0
2026-09-30 01:00:00,0.0
2026-09-30 02:00:00,0.0
2026-09-30 03:00:00,0.0
2026-09-30 04:00:00,0.0
2026-09-30 05:00:00,0.0
2026-09-30 06:00:00,0.0
2026-09-30 07:00:00,32.0
2026-09-30 08:00:00,158.0
2026-09-30 09:00:00,189.0
2026-09-30 10:00:00,260.0
2026-09-30 11:00:00,228.0
2026-09-30 12:00:00,371.0
2026-09-30 13:00:00,199.0
2026-09-30 14:00:00,126.0
2026-09-30 15:00:00,162.0
2026-09-30 16:00:00,132.0
2026-09-30 17:00:00,94.0
2026-09-30 18:00:00,61.0
2026-09-30 19:00:00,3.0
2026-09-30 20:00:00,0.0
2026-09-30 21:00:00,0.0
2026-09-30 22:00:00,0.0
2026-09-30 23:00:00,0.0
2026-10-01 00:00:00,0.0
2026-10-01 01:00:00,0.0
2026-10-01 02:00:00,0.0
2026-10-01 03:00:00,0.0
2026-10-01 04:00:00,0.0
2026-10-01 05:00:00,0.0
2026-10-01 06:00:00,0.0
2026-10-01 07:00:00,24.0
2026-10-01 08:00:00,171.0
2026-10-01 09:00:00,281.0
2026-10-01 10:00:00,281.0
2026-10-01 11:00:00,189.0
2026-10-01 12:00:00,493.0
2026-10-01 13:00:00,256.0
2026-10-01 14:00:00,300.0
2026-10-01 15:00:00,78.0
2026-10-01 16:00:00,42.0
2026-10-01 17:00:00,33.0
2026-10-01 18:00:00,42.0
2026-10-01 19:00:00,1.0
2026-10-01 20:00:00,0.0
2026-10-01 21:00:00,0.0
2026-10-01 22:00:00,0.0
2026-10-01 23:00:00,0.0
2026-10-02 00:00:00,0.0
2026-10-02 01:00:00,0.0
2026-10-02 02:00:00,0.0
2026-10-02 03:00:00,0.0
2026-10-02 04:00:00,0.0
2026-10-02 05:00:00,0.0
2026-10-02 06:00:00,0.0
2026-10-02 07:00:00,13.0
2026-10-02 08:00:00,59.0
2026-10-02 09:00:00,71.0
2026-10-02 10:00:00,209.0
2026-10-02 11:00:00,189.0
2026-10-02 12:00:00,516.0
2026-10-02 13:00:00,616.0
2026-10-02 14:00:00,391.0
2026-10-02 15:00:00,468.0
2026-10-02 16:00:00,440.0
2026-10-02 17:00:00,189.0
2026-10-02 18:00:00,98.0
2026-10-02 19:00:00,4.0
2026-10-02 20:00:00,0.0
2026-10-02 21:00:00,0.0
2026-10-02 22:00:00,0.0
2026-10-02 23:00:00,0.0
2026-10-03 00:00:00,0.0
2026-10-03 01:00:00,0.0
2026-10-03 02:00:00,0.0
2026-10-03 03:00:00,0.0
2026-10-03 04:00:00,0.0
2026-10-03 05:00:00,0.0
2026-10-03 06:00:00,0.0
2026-10-03 07:00:00,48.0
2026-10-03 08:00:00,182.0
2026-10-03 09:00:00,225.0
2026-10-03 10:00:00,270.0
2026-10-03 11:00:00,39.0
2026-10-03 12:00:00,358.0
2026-10-03 13:00:00,546.0
2026-10-03 14:00:00,453.0
2026-10-03 15:00:00,303.0
2026-10-03 16:00:00,106.0
2026-10-03 17:00:00,155.0
2026-10-03 18:00:00,67.0
2026-10-03 19:00:00,2.0
2026-10-03 20:00:00,0.0
2026-10-03 21:00:00,0.0
2026-10-03 22:00:00,0.0
2026-10-03 23:00:00,0.0
2026-10-04 00:00:00,0.0
2026-10-04 01:00:00,0.0
2026-10-04 02:00:00,0.0
2026-10-04 03:00:00,0.0
2026-10-04 04:00:00,0.0
2026-10-04 05:00:00,0.0
2026-10-04 06:00:00,0.0
2026-10-04 07:00:00,55.0
2026-10-04 08:00:00,189.0
2026-10-04 09:00:00,388.0
2026-10-04 10:00:00,496.0
2026-10-04 11:00:00,673.0
2026-10-04 12:00:00,828.0
2026-10-04 13:00:00,873.0
2026-10-04 14:00:00,820.0
2026-10-04 15:00:00,650.0
2026-10-04 16:00:00,476.0
2026-10-04 17:00:00,349.0
2026-10-04 18:00:00,140.0
2026-10-04 19:00:00,8.0
2026-10-04 20:00:00,0.0
2026-10-04 21:00:00,0.0
2026-10-04 22:00:00,0.0
2026-10-04 23:00:00,0.0
2026-10-05 00:00:00,0.0
2026-10-05 01:00:00,0.0
2026-10-05 02:00:00,0.0
2026-10-05 03:00:00,0.0
2026-10-05 04:00:00,0.0
2026-10-05 05:00:00,0.0
2026-10-05 06:00:00,0.0
2026-10-05 07:00:00,61.0
2026-10-05 08:00:00,225.0
2026-10-05 09:00:00,415.0
2026-10-05 10:00:00,613.0
2026-10-05 11:00:00,615.0
2026-10-05 12:00:00,648.0
2026-10-05 13:00:00,758.0
2026-10-05 14:00:00,722.0
2026-10-05 15:00:00,510.0
2026-10-05 16:00:00,475.0
2026-10-05 17:00:00,241.0
2026-10-05 18:00:00,102.0
2026-10-05 19:00:00,8.0
2026-10-05 20:00:00,0.0
2026-10-05 21:00:00,0.0
2026-10-05 22:00:00,0.0
2026-10-05 23:00:00,0.0
2026-10-06 00:00:00,0.0
2026-10-06 01:00:00,0.0
2026-10-06 02:00:00,0.0
2026-10-06 03:00:00,0.0
2026-10-06 04:00:00,0.0
2026-10-06 05:00:00,0.0
2026-10-06 06:00:00,1.0
2026-10-06 07:00:00,89.0
2026-10-06 08:00:00,260.0
2026-10-06 09:00:00,450.0
2026-10-06 10:00:00,565.0
2026-10-06 11:00:00,423.0
2026-10-06 12:00:00,285.0
2026-10-06 13:00:00,402.0
2026-10-06 14:00:00,343.0
2026-10-06 15:00:00,546.0
2026-10-06 16:00:00,476.0
2026-10-06 17:00:00,278.0
2026-10-06 18:00:00,103.0
2026-10-06 19:00:00,8.0
2026-10-06 20:00:00,0.0
2026-10-06 21:00:00,0.0
2026-10-06 22:00:00,0.0
2026-10-06 23:00:00,0.0
2026-10-07 00:00:00,0.0
2026-10-07 01:00:00,0.0
2026-10-07 02:00:00,0.0
2026-10-07 03:00:00,0.0
2026-10-07 04:00:00,0.0
2026-10-07 05:00:00,0.0
2026-10-07 06:00:00,1.0
2026-10-07 07:00:00,83.0
2026-10-07 08:00:00,277.0
2026-10-07 09:00:00,492.0
2026-10-07 10:00:00,676.0
2026-10-07 11:00:00,828.0
2026-10-07 12:00:00,902.0
2026-10-07 13:00:00,910.0
2026-10-07 14:00:00,852.0
2026-10-07 15:00:00,733.0
2026-10-07 16:00:00,563.0
2026-10-07 17:00:00,363.0
2026-10-07 18:00:00,151.0
2026-10-07 19:00:00,10.0
2026-10-07 20:00:00,0.0
2026-10-07 21:00:00,0.0
2026-10-07 22:00:00,0.0
2026-10-07 23:00:00,0.0
2026-10-08 00:00:00,0.0
2026-10-08 01:00:00,0.0
2026-10-08 02:00:00,0.0
2026-10-08 03:00:00,0.0
2026-10-08 04:00:00,0.0
2026-10-08 05:00:00,0.0
2026-10-08 06:00:00,1.0
2026-10-08 07:00:00,101.0
2026-10-08 08:00:00,305.0
2026-10-08 09:00:00,518.0
2026-10-08 10:00:00,697.0
2026-10-08 11:00:00,829.0
2026-10-08 12:00:00,902.0
2026-10-08 13:00:00,912.0
2026-10-08 14:00:00,856.0
2026-10-08 15:00:00,738.0
2026-10-08 16:00:00,569.0
2026-10-08 17:00:00,368.0
2026-10-08 18:00:00,153.0
2026-10-08 19:00:00,11.0
2026-10-08 20:00:00,0.0
2026-10-08 21:00:00,0.0
2026-10-08 22:00:00,0.0
2026-10-08 23:00:00,0.0
2026-10-09 00:00:00,0.0
2026-10-09 01:00:00,0.0
2026-10-09 02:00:00,0.0
2026-10-09 03:00:00,0.0
2026-10-09 04:00:00,0.0
2026-10-09 05:00:00,0.0
2026-10-09 06:00:00,2.0
2026-10-09 07:00:00,99.0
2026-10-09 08:00:00,275.0
2026-10-09 09:00:00,480.0
2026-10-09 10:00:00,674.0
2026-10-09 11:00:00,822.0
2026-10-09 12:00:00,896.0
2026-10-09 13:00:00,902.0
2026-10-09 14:00:00,844.0
2026-10-09 15:00:00,724.0
2026-10-09 16:00:00,542.0
2026-10-09 17:00:00,249.0
2026-10-09 18:00:00,87.0
2026-10-09 19:00:00,6.0
2026-10-09 20:00:00,0.0
2026-10-09 21:00:00,0.0
2026-10-09 22:00:00,0.0
2026-10-09 23:00:00,0.0
2026-10-10 00:00:00,0.0
2026-10-10 01:00:00,0.0
2026-10-10 02:00:00,0.0
2026-10-10 03:00:00,0.0
2026-10-10 04:00:00,0.0
2026-10-10 05:00:00,0.0
2026-10-10 06:00:00,2.0
2026-10-10 07:00:00,87.0
2026-10-10 08:00:00,262.0
2026-10-10 09:00:00,460.0
2026-10-10 10:00:00,648.0
2026-10-10 11:00:00,722.0
2026-10-10 12:00:00,732.0
2026-10-10 13:00:00,784.0
2026-10-10 14:00:00,719.0
2026-10-10 15:00:00,661.0
2026-10-10 16:00:00,463.0
2026-10-10 17:00:00,329.0
2026-10-10 18:00:00,147.0
2026-10-10 19:00:00,10.0
2026-10-10 20:00:00,0.0
2026-10-10 21:00:00,0.0
2026-10-10 22:00:00,0.0
2026-10-10 23:00:00,0.0
2026-10-11 00:00:00,0.0
2026-10-11 01:00:00,0.0
2026-10-11 02:00:00,0.0
2026-10-11 03:00:00,0.0
2026-10-11 04:00:00,0.0
2026-10-11 05:00:00,0.0
2026-10-11 06:00:00,2.0
2026-10-11 07:00:00,103.0
2026-10-11 08:00:00,308.0
2026-10-11 09:00:00,518.0
2026-10-11 10:00:00,692.0
2026-10-11 11:00:00,740.0
2026-10-11 12:00:00,624.0
2026-10-11 13:00:00,772.0
2026-10-11 14:00:00,793.0
2026-10-11 15:00:00,689.0
2026-10-11 16:00:00,540.0
2026-10-11 17:00:00,366.0
2026-10-11 18:00:00,157.0
2026-10-11 19:00:00,13.0
2026-10-11 20:00:00,0.0
2026-10-11 21:00:00,0.0
2026-10-11 22:00:00,0.0
2026-10-11 23:00:00,0.0
2026-10-12 00:00:00,0.0
2026-10-12 01:00:00,0.0
2026-10-12 02:00:00,0.0
2026-10-12 03:00:00,0.0
2026-10-12 04:00:00,0.0
2026-10-12 05:00:00,0.0
2026-10-12 06:00:00,2.0
2026-10-12 07:00:00,52.0
2026-10-12 08:00:00,192.0
2026-10-12 09:00:00,380.0
2026-10-12 10:00:00,296.0
2026-10-12 11:00:00,368.0
2026-10-12 12:00:00,528.0
2026-10-12 13:00:00,748.0
2026-10-12 14:00:00,431.0
2026-10-12 15:00:00,391.0
2026-10-12 16:00:00,280.0
2026-10-12 17:00:00,209.0
2026-10-12 18:00:00,141.0
2026-10-12 19:00:00,15.0
2026-10-12 20:00:00,0.0
2026-10-12 21:00:00,0.0
2026-10-12 22:00:00,0.0
2026-10-12 23:00:00,0.0
